Mean Return,Standard Deviation
8.086,1.3283
11.878,3.23877
9.485,2.44863
11.915,3.38604
9.421,2.72161
